model,SMOTE,sensitivity,specificity,precision
stacking_ensemble,False,0.6166666666666667,0.9733333333333334,0.9333333333333332
gradient_boosting,False,0.7033333333333334,0.9723809523809525,0.9166666666666667
logistic_regression,False,0.1733333333333333,1.0,0.8
stacking_ensemble,True,0.5966666666666668,0.9723809523809525,0.9099999999999999
gradient_boosting,True,0.7366666666666667,0.9857142857142858,0.9666666666666668
logistic_regression,True,0.72,0.8900641025641025,0.745
